INSERT INTO IH_FUNCTION(ID,NAME,URI,PARENT) VALUES('8a8c7da455056c840155056c84d80001','易薪宝机构','/els/elso.jsx',null);
INSERT INTO IH_FUNCTION(ID,NAME,URI,PARENT) VALUES('8a8180835569737c015569737cd90000','首页','/els/index/main.jsx','8a8c7da455056c840155056c84d80001');
INSERT INTO IH_FUNCTION(ID,NAME,URI,PARENT) VALUES('8a8180835569737c015569737cd90001','人员管理','/els/person/main.jsx','8a8c7da455056c840155056c84d80001');
INSERT INTO IH_FUNCTION(ID,NAME,URI,PARENT) VALUES('8a8180835569737c015569737cd90002','发放明细','/els/pay/main.jsx','8a8c7da455056c840155056c84d80001');
INSERT INTO IH_FUNCTION(ID,NAME,URI,PARENT) VALUES('8a8180835569737c015569737cd90003','工资明细','/els/stub/main.jsx','8a8c7da455056c840155056c84d80001');
INSERT INTO IH_FUNCTION(ID,NAME,URI,PARENT) VALUES('8a8180835569737c015569737cd90004','工资明细模板','/els/stubtemplate/main.jsx','8a8c7da455056c840155056c84d80001');
INSERT INTO IH_FUNCTION(ID,NAME,URI,PARENT) VALUES('8a8180835569737c015569737cd90005','数据统计','/els/stats/main.jsx','8a8c7da455056c840155056c84d80001');
INSERT INTO IH_FUNCTION(ID,NAME,URI,PARENT) VALUES('8a8180835569737c015569737cd90006','设置',null,'8a8c7da455056c840155056c84d80001');
INSERT INTO IH_FUNCTION(ID,NAME,URI,PARENT) VALUES('8a818083556977780155697778880001','修改登陆密码','/common/settings/optuser/main.jsx','8a8180835569737c015569737cd90006');
INSERT INTO IH_FUNCTION(ID,NAME,URI,PARENT) VALUES('8a818083556977780155697778880002','变更手机号码','/els/setting/changenum/main.jsx','8a8180835569737c015569737cd90006');

INSERT INTO IH_FUNCTION(ID,NAME,URI,PARENT) VALUES('8a8c7da455056c840155056c84d80002','易薪宝运营','/els/elsm.jsx',null);
INSERT INTO IH_FUNCTION(ID,NAME,URI,PARENT) VALUES('8a818083556970320155697032e10000','首页','/els/home.jsx','8a8c7da455056c840155056c84d80002');
INSERT INTO IH_FUNCTION(ID,NAME,URI,PARENT) VALUES('8a818083556970320155697032e10001','机构管理','/els/home.jsx','8a8c7da455056c840155056c84d80002');
INSERT INTO IH_FUNCTION(ID,NAME,URI,PARENT) VALUES('8a818083556970320155697032e10002','业务监控','/els/home.jsx','8a8c7da455056c840155056c84d80002');
INSERT INTO IH_FUNCTION(ID,NAME,URI,PARENT) VALUES('8a818083556970320155697032e10003','业务统计','/els/stats/main.jsx','8a8c7da455056c840155056c84d80002');

INSERT INTO IH_FUNCTION(ID,NAME,URI,PARENT) VALUES('8a8c7da455056c840155056c84d80003','易健康机构','/elh/elho.jsx',null);
INSERT INTO IH_FUNCTION(ID,NAME,URI,PARENT) VALUES('8a81808355692a260155692a26ea0000','主页','/elh/index/main.jsx','8a8c7da455056c840155056c84d80003');
INSERT INTO IH_FUNCTION(ID,NAME,URI,PARENT) VALUES('8a81808355692a260155692a26ea0001','医院信息维护',null,'8a8c7da455056c840155056c84d80003');
INSERT INTO IH_FUNCTION(ID,NAME,URI,PARENT) VALUES('8a81808355692a260155692a26ea0002','移动门户维护',null,'8a8c7da455056c840155056c84d80003');
INSERT INTO IH_FUNCTION(ID,NAME,URI,PARENT) VALUES('8a81808355692a260155692a26ea0003','患者查询','/elh/patient/main.jsx','8a8c7da455056c840155056c84d80003');
INSERT INTO IH_FUNCTION(ID,NAME,URI,PARENT) VALUES('8a81808355692a260155692a26ea0004','业务跟踪','/elh/treat/main.jsx','8a8c7da455056c840155056c84d80003');
INSERT INTO IH_FUNCTION(ID,NAME,URI,PARENT) VALUES('8a81808355692a260155692a26ea0005','结算管理',null,'8a8c7da455056c840155056c84d80003');
INSERT INTO IH_FUNCTION(ID,NAME,URI,PARENT) VALUES('8a81808355692a260155692a26ea0006','统计报表',null,'8a8c7da455056c840155056c84d80003');
INSERT INTO IH_FUNCTION(ID,NAME,URI,PARENT) VALUES('8a81808355692a260155692a26ea0007','设置',null,'8a8c7da455056c840155056c84d80003');
INSERT INTO IH_FUNCTION(ID,NAME,URI,PARENT) VALUES('8a818083556937a501556937a5900000','基础信息','/elh/hospital/home.jsx','8a81808355692a260155692a26ea0001');
INSERT INTO IH_FUNCTION(ID,NAME,URI,PARENT) VALUES('8a818083556937a501556937a5900001','科室','/elh/department/main.jsx','8a81808355692a260155692a26ea0001');
INSERT INTO IH_FUNCTION(ID,NAME,URI,PARENT) VALUES('8a818083556937a501556937a5900002','医生','/elh/doctor/main.jsx','8a81808355692a260155692a26ea0001');
INSERT INTO IH_FUNCTION(ID,NAME,URI,PARENT) VALUES('8a818083556937a501556937a5900003','院报','/elh/hosReport/main.jsx','8a81808355692a260155692a26ea0001');
INSERT INTO IH_FUNCTION(ID,NAME,URI,PARENT) VALUES('8a818083556937a501556937a5900004','特色','/elh/feature/main.jsx','8a81808355692a260155692a26ea0001');
INSERT INTO IH_FUNCTION(ID,NAME,URI,PARENT) VALUES('8a81808355693d8e0155693d8e250000','首页广告栏','/elh/home.jsx','8a81808355692a260155692a26ea0002');
INSERT INTO IH_FUNCTION(ID,NAME,URI,PARENT) VALUES('8a81808355693d8e0155693d8e250001','特色科室','/elh/specialDepartment/main.jsx','8a81808355692a260155692a26ea0002');
INSERT INTO IH_FUNCTION(ID,NAME,URI,PARENT) VALUES('8a81808355693d8e0155693d8e250002','专家','/elh/expert/main.jsx','8a81808355692a260155692a26ea0002');
INSERT INTO IH_FUNCTION(ID,NAME,URI,PARENT) VALUES('8a8180835569416701556941677e0000','账单查询','/elh/bill/main.jsx','8a81808355692a260155692a26ea0005');
INSERT INTO IH_FUNCTION(ID,NAME,URI,PARENT) VALUES('8a8180835569416701556941677e0001','对账结算','/elh/home.jsx','8a81808355692a260155692a26ea0005');
INSERT INTO IH_FUNCTION(ID,NAME,URI,PARENT) VALUES('8a8180835569438f015569438f770000','结算统计','/elh/home.jsx','8a81808355692a260155692a26ea0006');
INSERT INTO IH_FUNCTION(ID,NAME,URI,PARENT) VALUES('8a8180835569438f015569438f770001','运营统计','/elh/home.jsx','8a81808355692a260155692a26ea0006');
INSERT INTO IH_FUNCTION(ID,NAME,URI,PARENT) VALUES('8a818083556946a801556946a8f10000','操作员管理','/elh/home.jsx','8a81808355692a260155692a26ea0007');
INSERT INTO IH_FUNCTION(ID,NAME,URI,PARENT) VALUES('8a818083556946a801556946a8f10001','权限管理','/elh/home.jsx','8a81808355692a260155692a26ea0007');
INSERT INTO IH_FUNCTION(ID,NAME,URI,PARENT) VALUES('8a818083556946a801556946a8f10002','修改登录密码','/elh/home.jsx','8a81808355692a260155692a26ea0007');

INSERT INTO IH_FUNCTION(ID,NAME,URI,PARENT) VALUES('8a8c7da455056c840155056c84d80004','易健康运营','/elh/elhm.jsx',null);
INSERT INTO IH_FUNCTION(ID,NAME,URI,PARENT) VALUES('8a81808355692c8c0155692c8c910000','主页','/elh/home.jsx','8a8c7da455056c840155056c84d80004');
INSERT INTO IH_FUNCTION(ID,NAME,URI,PARENT) VALUES('8a81808355692c8c0155692c8c910001','医院管理','/elh/hospital/main.jsx','8a8c7da455056c840155056c84d80004');
INSERT INTO IH_FUNCTION(ID,NAME,URI,PARENT) VALUES('8a81808355692c8c0155692c8c910002','患者查询','/elh/home.jsx','8a8c7da455056c840155056c84d80004');
INSERT INTO IH_FUNCTION(ID,NAME,URI,PARENT) VALUES('8a81808355692c8c0155692c8c910003','业务跟踪','/elh/treat/main.jsx','8a8c7da455056c840155056c84d80004');
INSERT INTO IH_FUNCTION(ID,NAME,URI,PARENT) VALUES('8a81808355692c8c0155692c8c910004','结算管理',null,'8a8c7da455056c840155056c84d80004');
INSERT INTO IH_FUNCTION(ID,NAME,URI,PARENT) VALUES('8a81808355692c8c0155692c8c910005','统计',null,'8a8c7da455056c840155056c84d80004');
INSERT INTO IH_FUNCTION(ID,NAME,URI,PARENT) VALUES('8a81808355692c8c0155692c8c910006','设置',null,'8a8c7da455056c840155056c84d80004');
INSERT INTO IH_FUNCTION(ID,NAME,URI,PARENT) VALUES('8a818083556952040155695204390000','医院专属app管理','/elh/home.jsx','8a81808355692c8c0155692c8c910001');
INSERT INTO IH_FUNCTION(ID,NAME,URI,PARENT) VALUES('8a8180835569535d015569535d540000','账单查询','/elh/home.jsx','8a81808355692c8c0155692c8c910004');
INSERT INTO IH_FUNCTION(ID,NAME,URI,PARENT) VALUES('8a8180835569535d015569535d540001','对账结算','/elh/home.jsx','8a81808355692c8c0155692c8c910004');
INSERT INTO IH_FUNCTION(ID,NAME,URI,PARENT) VALUES('8a8180835569566c015569566cb60000','结算统计','/elh/home.jsx','8a81808355692c8c0155692c8c910005');
INSERT INTO IH_FUNCTION(ID,NAME,URI,PARENT) VALUES('8a8180835569566c015569566cb60001','运营统计','/elh/home.jsx','8a81808355692c8c0155692c8c910005');
INSERT INTO IH_FUNCTION(ID,NAME,URI,PARENT) VALUES('8a818083556957d001556957d0cf0000','定点医院维护','/elh/home.jsx','8a81808355692c8c0155692c8c910006');

INSERT INTO IH_FUNCTION(ID,NAME,URI,PARENT) VALUES('8a8c7da455056c840155056c84d80005','综合','/el/el.jsx',null);
INSERT INTO IH_FUNCTION(ID,NAME,URI,PARENT) VALUES('8a8180835569860501556986050c0000','首页','/el/el.jsx','8a8c7da455056c840155056c84d80005');
INSERT INTO IH_FUNCTION(ID,NAME,URI,PARENT) VALUES('8a8180835569860501556986050c0001','易民生app管理','/el/el.jsx','8a8c7da455056c840155056c84d80005');
INSERT INTO IH_FUNCTION(ID,NAME,URI,PARENT) VALUES('8a8180835569860501556986050c0002','用户管理','/el/el.jsx','8a8c7da455056c840155056c84d80005');
INSERT INTO IH_FUNCTION(ID,NAME,URI,PARENT) VALUES('8a8180835569860501556986050c0003','运营统计','/el/el.jsx','8a8c7da455056c840155056c84d80005');
INSERT INTO IH_FUNCTION(ID,NAME,URI,PARENT) VALUES('8a8180835569860501556986050c0004','消息公告管理','/el/el.jsx','8a8c7da455056c840155056c84d80005');
INSERT INTO IH_FUNCTION(ID,NAME,URI,PARENT) VALUES('8a8180835569860501556986050c0005','合作银行管理',null,'8a8c7da455056c840155056c84d80005');
INSERT INTO IH_FUNCTION(ID,NAME,URI,PARENT) VALUES('8a8180835569860501556986050c0006','设置',null,'8a8c7da455056c840155056c84d80005');
INSERT INTO IH_FUNCTION(ID,NAME,URI,PARENT) VALUES('8a818083556989740155698974220000','首页菜单管理','/el/el.jsx','8a8180835569860501556986050c0001');
INSERT INTO IH_FUNCTION(ID,NAME,URI,PARENT) VALUES('8a81808355698a2f0155698a2fa80000','合作银行','/el/el.jsx','8a8180835569860501556986050c0005');
INSERT INTO IH_FUNCTION(ID,NAME,URI,PARENT) VALUES('8a81808355698b0b0155698b0b900000','组织机构','/el/el.jsx','8a8180835569860501556986050c0006');
INSERT INTO IH_FUNCTION(ID,NAME,URI,PARENT) VALUES('8a81808355698b0b0155698b0b900001','操作员','/el/el.jsx','8a8180835569860501556986050c0006');
INSERT INTO IH_FUNCTION(ID,NAME,URI,PARENT) VALUES('8a81808355698b0b0155698b0b900002','权限','/el/el.jsx','8a8180835569860501556986050c0006');
INSERT INTO IH_FUNCTION(ID,NAME,URI,PARENT) VALUES('8a81808355698b0b0155698b0b900003','系统设置','/el/el.jsx','8a8180835569860501556986050c0006');
INSERT INTO IH_FUNCTION(ID,NAME,URI,PARENT) VALUES('8a81808355698b0b0155698b0b900004','日志管理','/el/el.jsx','8a8180835569860501556986050c0006');
INSERT INTO IH_FUNCTION(ID,NAME,URI,PARENT) VALUES('8a81808355698b0b0155698b0b900005','变更登陆密码','/el/el.jsx','8a8180835569860501556986050c0006');


INSERT INTO IH_ACCESS(ID,NAME,FUNCTION) VALUES('8a8c7da455056c840155056c84d80001','易薪宝机构','8a8c7da455056c840155056c84d80001');
INSERT INTO IH_ACCESS(ID,NAME,FUNCTION) VALUES('8a8180835569737c015569737cd90000','首页','8a8180835569737c015569737cd90000');
INSERT INTO IH_ACCESS(ID,NAME,FUNCTION) VALUES('8a8180835569737c015569737cd90001','人员管理','8a8180835569737c015569737cd90001');
INSERT INTO IH_ACCESS(ID,NAME,FUNCTION) VALUES('8a8180835569737c015569737cd90002','发放明细','8a8180835569737c015569737cd90002');
INSERT INTO IH_ACCESS(ID,NAME,FUNCTION) VALUES('8a8180835569737c015569737cd90003','工资明细','8a8180835569737c015569737cd90003');
INSERT INTO IH_ACCESS(ID,NAME,FUNCTION) VALUES('8a8180835569737c015569737cd90004','工资明细模板','8a8180835569737c015569737cd90004');
INSERT INTO IH_ACCESS(ID,NAME,FUNCTION) VALUES('8a8180835569737c015569737cd90005','数据统计','8a8180835569737c015569737cd90005');
INSERT INTO IH_ACCESS(ID,NAME,FUNCTION) VALUES('8a8180835569737c015569737cd90006','设置','8a8180835569737c015569737cd90006');
INSERT INTO IH_ACCESS(ID,NAME,FUNCTION) VALUES('8a818083556977780155697778880001','修改登陆密码','8a818083556977780155697778880001');
INSERT INTO IH_ACCESS(ID,NAME,FUNCTION) VALUES('8a818083556977780155697778880002','变更手机号码','8a818083556977780155697778880002');

INSERT INTO IH_ACCESS(ID,NAME,FUNCTION) VALUES('8a8c7da455056c840155056c84d80002','易薪宝运营','8a8c7da455056c840155056c84d80002');
INSERT INTO IH_ACCESS(ID,NAME,FUNCTION) VALUES('8a818083556970320155697032e10000','首页','8a818083556970320155697032e10000');
INSERT INTO IH_ACCESS(ID,NAME,FUNCTION) VALUES('8a818083556970320155697032e10001','机构管理','8a818083556970320155697032e10001');
INSERT INTO IH_ACCESS(ID,NAME,FUNCTION) VALUES('8a818083556970320155697032e10002','业务监控','8a818083556970320155697032e10002');
INSERT INTO IH_ACCESS(ID,NAME,FUNCTION) VALUES('8a818083556970320155697032e10003','业务统计','8a818083556970320155697032e10003');

INSERT INTO IH_ACCESS(ID,NAME,FUNCTION) VALUES('8a8c7da455056c840155056c84d80003','易健康机构','8a8c7da455056c840155056c84d80003');
INSERT INTO IH_ACCESS(ID,NAME,FUNCTION) VALUES('8a81808355692a260155692a26ea0000','主页','8a81808355692a260155692a26ea0000');
INSERT INTO IH_ACCESS(ID,NAME,FUNCTION) VALUES('8a81808355692a260155692a26ea0001','医院信息维护','8a81808355692a260155692a26ea0001');
INSERT INTO IH_ACCESS(ID,NAME,FUNCTION) VALUES('8a81808355692a260155692a26ea0002','移动门户维护','8a81808355692a260155692a26ea0002');
INSERT INTO IH_ACCESS(ID,NAME,FUNCTION) VALUES('8a81808355692a260155692a26ea0003','患者查询','8a81808355692a260155692a26ea0003');
INSERT INTO IH_ACCESS(ID,NAME,FUNCTION) VALUES('8a81808355692a260155692a26ea0004','业务跟踪','8a81808355692a260155692a26ea0004');
INSERT INTO IH_ACCESS(ID,NAME,FUNCTION) VALUES('8a81808355692a260155692a26ea0005','结算管理','8a81808355692a260155692a26ea0005');
INSERT INTO IH_ACCESS(ID,NAME,FUNCTION) VALUES('8a81808355692a260155692a26ea0006','统计报表','8a81808355692a260155692a26ea0006');
INSERT INTO IH_ACCESS(ID,NAME,FUNCTION) VALUES('8a81808355692a260155692a26ea0007','设置','8a81808355692a260155692a26ea0007');
INSERT INTO IH_ACCESS(ID,NAME,FUNCTION) VALUES('8a818083556937a501556937a5900000','基础信息','8a818083556937a501556937a5900000');
INSERT INTO IH_ACCESS(ID,NAME,FUNCTION) VALUES('8a818083556937a501556937a5900001','科室','8a818083556937a501556937a5900001');
INSERT INTO IH_ACCESS(ID,NAME,FUNCTION) VALUES('8a818083556937a501556937a5900002','医生','8a818083556937a501556937a5900002');
INSERT INTO IH_ACCESS(ID,NAME,FUNCTION) VALUES('8a818083556937a501556937a5900003','院报','8a818083556937a501556937a5900003');
INSERT INTO IH_ACCESS(ID,NAME,FUNCTION) VALUES('8a818083556937a501556937a5900004','特色','8a818083556937a501556937a5900004');
INSERT INTO IH_ACCESS(ID,NAME,FUNCTION) VALUES('8a81808355693d8e0155693d8e250000','首页广告栏','8a81808355693d8e0155693d8e250000');
INSERT INTO IH_ACCESS(ID,NAME,FUNCTION) VALUES('8a81808355693d8e0155693d8e250001','特色科室','8a81808355693d8e0155693d8e250001');
INSERT INTO IH_ACCESS(ID,NAME,FUNCTION) VALUES('8a81808355693d8e0155693d8e250002','专家','8a81808355693d8e0155693d8e250002');
INSERT INTO IH_ACCESS(ID,NAME,FUNCTION) VALUES('8a8180835569416701556941677e0000','账单查询','8a8180835569416701556941677e0000');
INSERT INTO IH_ACCESS(ID,NAME,FUNCTION) VALUES('8a8180835569416701556941677e0001','对账结算','8a8180835569416701556941677e0001');
INSERT INTO IH_ACCESS(ID,NAME,FUNCTION) VALUES('8a8180835569438f015569438f770000','结算统计','8a8180835569438f015569438f770000');
INSERT INTO IH_ACCESS(ID,NAME,FUNCTION) VALUES('8a8180835569438f015569438f770001','运营统计','8a8180835569438f015569438f770001');
INSERT INTO IH_ACCESS(ID,NAME,FUNCTION) VALUES('8a818083556946a801556946a8f10000','操作员管理','8a818083556946a801556946a8f10000');
INSERT INTO IH_ACCESS(ID,NAME,FUNCTION) VALUES('8a818083556946a801556946a8f10001','权限管理','8a818083556946a801556946a8f10001');
INSERT INTO IH_ACCESS(ID,NAME,FUNCTION) VALUES('8a818083556946a801556946a8f10002','修改登录密码','8a818083556946a801556946a8f10002');

INSERT INTO IH_ACCESS(ID,NAME,FUNCTION) VALUES('8a8c7da455056c840155056c84d80004','易健康运营','8a8c7da455056c840155056c84d80004');
INSERT INTO IH_ACCESS(ID,NAME,FUNCTION) VALUES('8a81808355692c8c0155692c8c910000','主页','8a81808355692c8c0155692c8c910000');
INSERT INTO IH_ACCESS(ID,NAME,FUNCTION) VALUES('8a81808355692c8c0155692c8c910001','医院管理','8a81808355692c8c0155692c8c910001');
INSERT INTO IH_ACCESS(ID,NAME,FUNCTION) VALUES('8a81808355692c8c0155692c8c910002','患者查询','8a81808355692c8c0155692c8c910002');
INSERT INTO IH_ACCESS(ID,NAME,FUNCTION) VALUES('8a81808355692c8c0155692c8c910003','业务跟踪','8a81808355692c8c0155692c8c910003');
INSERT INTO IH_ACCESS(ID,NAME,FUNCTION) VALUES('8a81808355692c8c0155692c8c910004','结算管理','8a81808355692c8c0155692c8c910004');
INSERT INTO IH_ACCESS(ID,NAME,FUNCTION) VALUES('8a81808355692c8c0155692c8c910005','统计','8a81808355692c8c0155692c8c910005');
INSERT INTO IH_ACCESS(ID,NAME,FUNCTION) VALUES('8a81808355692c8c0155692c8c910006','设置','8a81808355692c8c0155692c8c910006');
INSERT INTO IH_ACCESS(ID,NAME,FUNCTION) VALUES('8a818083556952040155695204390000','医院专属app管理','8a818083556952040155695204390000');
INSERT INTO IH_ACCESS(ID,NAME,FUNCTION) VALUES('8a8180835569535d015569535d540000','账单查询','8a8180835569535d015569535d540000');
INSERT INTO IH_ACCESS(ID,NAME,FUNCTION) VALUES('8a8180835569535d015569535d540001','对账结算','8a8180835569535d015569535d540001');
INSERT INTO IH_ACCESS(ID,NAME,FUNCTION) VALUES('8a8180835569566c015569566cb60000','结算统计','8a8180835569566c015569566cb60000');
INSERT INTO IH_ACCESS(ID,NAME,FUNCTION) VALUES('8a8180835569566c015569566cb60001','运营统计','8a8180835569566c015569566cb60001');
INSERT INTO IH_ACCESS(ID,NAME,FUNCTION) VALUES('8a818083556957d001556957d0cf0000','定点医院维护','8a818083556957d001556957d0cf0000');

INSERT INTO IH_ACCESS(ID,NAME,FUNCTION) VALUES('8a8c7da455056c840155056c84d80005','综合','8a8c7da455056c840155056c84d80005');
INSERT INTO IH_ACCESS(ID,NAME,FUNCTION) VALUES('8a8180835569860501556986050c0000','首页','8a8180835569860501556986050c0000');
INSERT INTO IH_ACCESS(ID,NAME,FUNCTION) VALUES('8a8180835569860501556986050c0001','易民生app管理','8a8180835569860501556986050c0001');
INSERT INTO IH_ACCESS(ID,NAME,FUNCTION) VALUES('8a8180835569860501556986050c0002','用户管理','8a8180835569860501556986050c0002');
INSERT INTO IH_ACCESS(ID,NAME,FUNCTION) VALUES('8a8180835569860501556986050c0003','运营统计','8a8180835569860501556986050c0003');
INSERT INTO IH_ACCESS(ID,NAME,FUNCTION) VALUES('8a8180835569860501556986050c0004','消息公告管理','8a8180835569860501556986050c0004');
INSERT INTO IH_ACCESS(ID,NAME,FUNCTION) VALUES('8a8180835569860501556986050c0005','合作银行管理','8a8180835569860501556986050c0005');
INSERT INTO IH_ACCESS(ID,NAME,FUNCTION) VALUES('8a8180835569860501556986050c0006','设置','8a8180835569860501556986050c0006');
INSERT INTO IH_ACCESS(ID,NAME,FUNCTION) VALUES('8a818083556989740155698974220000','首页菜单管理','8a818083556989740155698974220000');
INSERT INTO IH_ACCESS(ID,NAME,FUNCTION) VALUES('8a81808355698a2f0155698a2fa80000','合作银行','8a81808355698a2f0155698a2fa80000');
INSERT INTO IH_ACCESS(ID,NAME,FUNCTION) VALUES('8a81808355698b0b0155698b0b900000','组织机构','8a81808355698b0b0155698b0b900000');
INSERT INTO IH_ACCESS(ID,NAME,FUNCTION) VALUES('8a81808355698b0b0155698b0b900001','操作员','8a81808355698b0b0155698b0b900001');
INSERT INTO IH_ACCESS(ID,NAME,FUNCTION) VALUES('8a81808355698b0b0155698b0b900002','权限','8a81808355698b0b0155698b0b900002');
INSERT INTO IH_ACCESS(ID,NAME,FUNCTION) VALUES('8a81808355698b0b0155698b0b900003','系统设置','8a81808355698b0b0155698b0b900003');
INSERT INTO IH_ACCESS(ID,NAME,FUNCTION) VALUES('8a81808355698b0b0155698b0b900004','日志管理','8a81808355698b0b0155698b0b900004');
INSERT INTO IH_ACCESS(ID,NAME,FUNCTION) VALUES('8a81808355698b0b0155698b0b900005','变更登陆密码','8a81808355698b0b0155698b0b900005');


INSERT INTO IH_MENU(ID,CODE,NAME,PARENT,ICON,TYPE_,SORTER,AID) VALUES('8a8c7da455056c840155056c84d80001','elso','易薪宝机构',null,'icon','0',3,'8a8c7da455056c840155056c84d80001');
INSERT INTO IH_MENU(ID,CODE,NAME,PARENT,ICON,TYPE_,SORTER,AID) VALUES('8a8180835569737c015569737cd90000','elsoHome','首页','8a8c7da455056c840155056c84d80001','icon','0',3,'8a8180835569737c015569737cd90000');
INSERT INTO IH_MENU(ID,CODE,NAME,PARENT,ICON,TYPE_,SORTER,AID) VALUES('8a8180835569737c015569737cd90001','elsoPerson','人员管理','8a8c7da455056c840155056c84d80001','icon','0',3,'8a8180835569737c015569737cd90001');
INSERT INTO IH_MENU(ID,CODE,NAME,PARENT,ICON,TYPE_,SORTER,AID) VALUES('8a8180835569737c015569737cd90002','elsoPay','发放明细','8a8c7da455056c840155056c84d80001','icon','0',3,'8a8180835569737c015569737cd90002');
INSERT INTO IH_MENU(ID,CODE,NAME,PARENT,ICON,TYPE_,SORTER,AID) VALUES('8a8180835569737c015569737cd90003','elsoStub','工资明细','8a8c7da455056c840155056c84d80001','icon','0',3,'8a8180835569737c015569737cd90003');
INSERT INTO IH_MENU(ID,CODE,NAME,PARENT,ICON,TYPE_,SORTER,AID) VALUES('8a8180835569737c015569737cd90004','elsoStubtemplate','工资明细模板','8a8c7da455056c840155056c84d80001','icon','0',3,'8a8180835569737c015569737cd90004');
INSERT INTO IH_MENU(ID,CODE,NAME,PARENT,ICON,TYPE_,SORTER,AID) VALUES('8a8180835569737c015569737cd90005','elsoStats','数据统计','8a8c7da455056c840155056c84d80001','icon','0',3,'8a8180835569737c015569737cd90005');
INSERT INTO IH_MENU(ID,CODE,NAME,PARENT,ICON,TYPE_,SORTER,AID) VALUES('8a8180835569737c015569737cd90006','elhoSet','设置','8a8c7da455056c840155056c84d80001','icon','0',3,'8a8180835569737c015569737cd90006');
INSERT INTO IH_MENU(ID,CODE,NAME,PARENT,ICON,TYPE_,SORTER,AID) VALUES('8a818083556977780155697778880001','elhoChangePwd','修改登陆密码','8a8180835569737c015569737cd90006','icon','0',3,'8a818083556977780155697778880001');
INSERT INTO IH_MENU(ID,CODE,NAME,PARENT,ICON,TYPE_,SORTER,AID) VALUES('8a818083556977780155697778880002','elsoChangePhone','变更手机号码','8a8180835569737c015569737cd90006','icon','0',3,'8a818083556977780155697778880002');

INSERT INTO IH_MENU(ID,CODE,NAME,PARENT,ICON,TYPE_,SORTER,AID) VALUES('8a8c7da455056c840155056c84d80002','elsm','易薪宝运营',null,'icon','0',3,'8a8c7da455056c840155056c84d80002');
INSERT INTO IH_MENU(ID,CODE,NAME,PARENT,ICON,TYPE_,SORTER,AID) VALUES('8a818083556970320155697032e10000','elsmHome','首页','8a8c7da455056c840155056c84d80002','icon','0',3,'8a818083556970320155697032e10000');
INSERT INTO IH_MENU(ID,CODE,NAME,PARENT,ICON,TYPE_,SORTER,AID) VALUES('8a818083556970320155697032e10001','elsmOrg','机构管理','8a8c7da455056c840155056c84d80002','icon','0',3,'8a818083556970320155697032e10001');
INSERT INTO IH_MENU(ID,CODE,NAME,PARENT,ICON,TYPE_,SORTER,AID) VALUES('8a818083556970320155697032e10002','elsmBiz','业务监控','8a8c7da455056c840155056c84d80002','icon','0',3,'8a818083556970320155697032e10002');
INSERT INTO IH_MENU(ID,CODE,NAME,PARENT,ICON,TYPE_,SORTER,AID) VALUES('8a818083556970320155697032e10003','elsmStats','业务统计','8a8c7da455056c840155056c84d80002','icon','0',3,'8a818083556970320155697032e10003');

INSERT INTO IH_MENU(ID,CODE,NAME,PARENT,ICON,TYPE_,SORTER,AID) VALUES('8a8c7da455056c840155056c84d80003','elho','易健康机构',null,'icon','0',2,'8a8c7da455056c840155056c84d80003');
INSERT INTO IH_MENU(ID,CODE,NAME,PARENT,ICON,TYPE_,SORTER,AID) VALUES('8a81808355692a260155692a26ea0000','elhoHome','主页','8a8c7da455056c840155056c84d80003','icon','0',2,'8a81808355692a260155692a26ea0000');
INSERT INTO IH_MENU(ID,CODE,NAME,PARENT,ICON,TYPE_,SORTER,AID) VALUES('8a81808355692a260155692a26ea0001','elhoHos','医院信息维护','8a8c7da455056c840155056c84d80003','icon','0',2,'8a81808355692a260155692a26ea0001');
INSERT INTO IH_MENU(ID,CODE,NAME,PARENT,ICON,TYPE_,SORTER,AID) VALUES('8a81808355692a260155692a26ea0002','elhoPortal','移动门户维护','8a8c7da455056c840155056c84d80003','icon','0',2,'8a81808355692a260155692a26ea0002');
INSERT INTO IH_MENU(ID,CODE,NAME,PARENT,ICON,TYPE_,SORTER,AID) VALUES('8a81808355692a260155692a26ea0003','elhoPatient','患者查询','8a8c7da455056c840155056c84d80003','icon','0',2,'8a81808355692a260155692a26ea0003');
INSERT INTO IH_MENU(ID,CODE,NAME,PARENT,ICON,TYPE_,SORTER,AID) VALUES('8a81808355692a260155692a26ea0004','elhoBiz','业务跟踪','8a8c7da455056c840155056c84d80003','icon','0',2,'8a81808355692a260155692a26ea0004');
INSERT INTO IH_MENU(ID,CODE,NAME,PARENT,ICON,TYPE_,SORTER,AID) VALUES('8a81808355692a260155692a26ea0005','elhoSettle','结算管理','8a8c7da455056c840155056c84d80003','icon','0',2,'8a81808355692a260155692a26ea0005');
INSERT INTO IH_MENU(ID,CODE,NAME,PARENT,ICON,TYPE_,SORTER,AID) VALUES('8a81808355692a260155692a26ea0006','elhoStats','统计报表','8a8c7da455056c840155056c84d80003','icon','0',2,'8a81808355692a260155692a26ea0006');
INSERT INTO IH_MENU(ID,CODE,NAME,PARENT,ICON,TYPE_,SORTER,AID) VALUES('8a81808355692a260155692a26ea0007','elhoSet','设置','8a8c7da455056c840155056c84d80003','icon','0',2,'8a81808355692a260155692a26ea0007');
INSERT INTO IH_MENU(ID,CODE,NAME,PARENT,ICON,TYPE_,SORTER,AID) VALUES('8a818083556937a501556937a5900000','elhoHosM','基础信息','8a81808355692a260155692a26ea0001','icon','0',2,'8a818083556937a501556937a5900000');
INSERT INTO IH_MENU(ID,CODE,NAME,PARENT,ICON,TYPE_,SORTER,AID) VALUES('8a818083556937a501556937a5900001','elhoDept','科室','8a81808355692a260155692a26ea0001','icon','0',2,'8a818083556937a501556937a5900001');
INSERT INTO IH_MENU(ID,CODE,NAME,PARENT,ICON,TYPE_,SORTER,AID) VALUES('8a818083556937a501556937a5900002','elhoDoctor','医生','8a81808355692a260155692a26ea0001','icon','0',2,'8a818083556937a501556937a5900002');
INSERT INTO IH_MENU(ID,CODE,NAME,PARENT,ICON,TYPE_,SORTER,AID) VALUES('8a818083556937a501556937a5900003','elhoHosReport','院报','8a81808355692a260155692a26ea0001','icon','0',2,'8a818083556937a501556937a5900003');
INSERT INTO IH_MENU(ID,CODE,NAME,PARENT,ICON,TYPE_,SORTER,AID) VALUES('8a818083556937a501556937a5900004','elhoFeature','特色','8a81808355692a260155692a26ea0001','icon','0',2,'8a818083556937a501556937a5900004');
INSERT INTO IH_MENU(ID,CODE,NAME,PARENT,ICON,TYPE_,SORTER,AID) VALUES('8a81808355693d8e0155693d8e250000','elhoAD','首页广告栏','8a81808355692a260155692a26ea0002','icon','0',2,'8a81808355693d8e0155693d8e250000');
INSERT INTO IH_MENU(ID,CODE,NAME,PARENT,ICON,TYPE_,SORTER,AID) VALUES('8a81808355693d8e0155693d8e250001','elhoDeptSpc','特色科室','8a81808355692a260155692a26ea0002','icon','0',2,'8a81808355693d8e0155693d8e250001');
INSERT INTO IH_MENU(ID,CODE,NAME,PARENT,ICON,TYPE_,SORTER,AID) VALUES('8a81808355693d8e0155693d8e250002','elhoDocPlus','专家','8a81808355692a260155692a26ea0002','icon','0',2,'8a81808355693d8e0155693d8e250002');
INSERT INTO IH_MENU(ID,CODE,NAME,PARENT,ICON,TYPE_,SORTER,AID) VALUES('8a8180835569416701556941677e0000','elhoBill','账单查询','8a81808355692a260155692a26ea0005','icon','0',2,'8a8180835569416701556941677e0000');
INSERT INTO IH_MENU(ID,CODE,NAME,PARENT,ICON,TYPE_,SORTER,AID) VALUES('8a8180835569416701556941677e0001','elhoCheck','对账结算','8a81808355692a260155692a26ea0005','icon','0',2,'8a8180835569416701556941677e0001');
INSERT INTO IH_MENU(ID,CODE,NAME,PARENT,ICON,TYPE_,SORTER,AID) VALUES('8a8180835569438f015569438f770000','elhoSettleStats','结算统计','8a81808355692a260155692a26ea0006','icon','0',2,'8a8180835569438f015569438f770000');
INSERT INTO IH_MENU(ID,CODE,NAME,PARENT,ICON,TYPE_,SORTER,AID) VALUES('8a8180835569438f015569438f770001','elhoBizStats','运营统计','8a81808355692a260155692a26ea0006','icon','0',2,'8a8180835569438f015569438f770001');
INSERT INTO IH_MENU(ID,CODE,NAME,PARENT,ICON,TYPE_,SORTER,AID) VALUES('8a818083556946a801556946a8f10000','elhoOperator','操作员管理','8a81808355692a260155692a26ea0007','icon','0',2,'8a818083556946a801556946a8f10000');
INSERT INTO IH_MENU(ID,CODE,NAME,PARENT,ICON,TYPE_,SORTER,AID) VALUES('8a818083556946a801556946a8f10001','elhoPermission','权限管理','8a81808355692a260155692a26ea0007','icon','0',2,'8a818083556946a801556946a8f10001');
INSERT INTO IH_MENU(ID,CODE,NAME,PARENT,ICON,TYPE_,SORTER,AID) VALUES('8a818083556946a801556946a8f10002','elhoChangePwd','修改登录密码','8a81808355692a260155692a26ea0007','icon','0',2,'8a818083556946a801556946a8f10002');

INSERT INTO IH_MENU(ID,CODE,NAME,PARENT,ICON,TYPE_,SORTER,AID) VALUES('8a8c7da455056c840155056c84d80004','elhm','易健康运营',null,'icon','0',2,'8a8c7da455056c840155056c84d80004');
INSERT INTO IH_MENU(ID,CODE,NAME,PARENT,ICON,TYPE_,SORTER,AID) VALUES('8a81808355692c8c0155692c8c910000','elhmHome','主页','8a8c7da455056c840155056c84d80004','icon','0',2,'8a81808355692c8c0155692c8c910000');
INSERT INTO IH_MENU(ID,CODE,NAME,PARENT,ICON,TYPE_,SORTER,AID) VALUES('8a81808355692c8c0155692c8c910001','elhmHos','医院管理','8a8c7da455056c840155056c84d80004','icon','0',2,'8a81808355692c8c0155692c8c910001');
INSERT INTO IH_MENU(ID,CODE,NAME,PARENT,ICON,TYPE_,SORTER,AID) VALUES('8a81808355692c8c0155692c8c910002','elhmPatient','患者查询','8a8c7da455056c840155056c84d80004','icon','0',2,'8a81808355692c8c0155692c8c910002');
INSERT INTO IH_MENU(ID,CODE,NAME,PARENT,ICON,TYPE_,SORTER,AID) VALUES('8a81808355692c8c0155692c8c910003','elhmBiz','业务跟踪','8a8c7da455056c840155056c84d80004','icon','0',2,'8a81808355692c8c0155692c8c910003');
INSERT INTO IH_MENU(ID,CODE,NAME,PARENT,ICON,TYPE_,SORTER,AID) VALUES('8a81808355692c8c0155692c8c910004','elhmSettle','结算管理','8a8c7da455056c840155056c84d80004','icon','0',2,'8a81808355692c8c0155692c8c910004');
INSERT INTO IH_MENU(ID,CODE,NAME,PARENT,ICON,TYPE_,SORTER,AID) VALUES('8a81808355692c8c0155692c8c910005','elhmStats','统计','8a8c7da455056c840155056c84d80004','icon','0',2,'8a81808355692c8c0155692c8c910005');
INSERT INTO IH_MENU(ID,CODE,NAME,PARENT,ICON,TYPE_,SORTER,AID) VALUES('8a81808355692c8c0155692c8c910006','elhmSet','设置','8a8c7da455056c840155056c84d80004','icon','0',2,'8a81808355692c8c0155692c8c910006');
INSERT INTO IH_MENU(ID,CODE,NAME,PARENT,ICON,TYPE_,SORTER,AID) VALUES('8a818083556952040155695204390000','elhmApp','医院专属app管理','8a81808355692c8c0155692c8c910001','icon','0',2,'8a818083556952040155695204390000');
INSERT INTO IH_MENU(ID,CODE,NAME,PARENT,ICON,TYPE_,SORTER,AID) VALUES('8a8180835569535d015569535d540000','elhmBill','账单查询','8a81808355692c8c0155692c8c910004','icon','0',2,'8a8180835569535d015569535d540000');
INSERT INTO IH_MENU(ID,CODE,NAME,PARENT,ICON,TYPE_,SORTER,AID) VALUES('8a8180835569535d015569535d540001','elhmCheck','对账结算','8a81808355692c8c0155692c8c910004','icon','0',2,'8a8180835569535d015569535d540001');
INSERT INTO IH_MENU(ID,CODE,NAME,PARENT,ICON,TYPE_,SORTER,AID) VALUES('8a8180835569566c015569566cb60000','elhmSettleStats','结算统计','8a81808355692c8c0155692c8c910005','icon','0',2,'8a8180835569566c015569566cb60000');
INSERT INTO IH_MENU(ID,CODE,NAME,PARENT,ICON,TYPE_,SORTER,AID) VALUES('8a8180835569566c015569566cb60001','elhmBizStats','运营统计','8a81808355692c8c0155692c8c910005','icon','0',2,'8a8180835569566c015569566cb60001');
INSERT INTO IH_MENU(ID,CODE,NAME,PARENT,ICON,TYPE_,SORTER,AID) VALUES('8a818083556957d001556957d0cf0000','elhmDesignate','定点医院维护','8a81808355692c8c0155692c8c910006','icon','0',2,'8a818083556957d001556957d0cf0000');

INSERT INTO IH_MENU(ID,CODE,NAME,PARENT,ICON,TYPE_,SORTER,AID) VALUES('8a8c7da455056c840155056c84d80005','el','综合',null,'icon','0',1,'8a8c7da455056c840155056c84d80005');
INSERT INTO IH_MENU(ID,CODE,NAME,PARENT,ICON,TYPE_,SORTER,AID) VALUES('8a8180835569860501556986050c0000','elHome','首页','8a8c7da455056c840155056c84d80005','icon','0',1,'8a8180835569860501556986050c0000');
INSERT INTO IH_MENU(ID,CODE,NAME,PARENT,ICON,TYPE_,SORTER,AID) VALUES('8a8180835569860501556986050c0001','elApp','易民生app管理','8a8c7da455056c840155056c84d80005','icon','0',1,'8a8180835569860501556986050c0001');
INSERT INTO IH_MENU(ID,CODE,NAME,PARENT,ICON,TYPE_,SORTER,AID) VALUES('8a8180835569860501556986050c0002','elUser','用户管理','8a8c7da455056c840155056c84d80005','icon','0',1,'8a8180835569860501556986050c0002');
INSERT INTO IH_MENU(ID,CODE,NAME,PARENT,ICON,TYPE_,SORTER,AID) VALUES('8a8180835569860501556986050c0003','elBizStats','运营统计','8a8c7da455056c840155056c84d80005','icon','0',1,'8a8180835569860501556986050c0003');
INSERT INTO IH_MENU(ID,CODE,NAME,PARENT,ICON,TYPE_,SORTER,AID) VALUES('8a8180835569860501556986050c0004','elMsg','消息公告管理','8a8c7da455056c840155056c84d80005','icon','0',1,'8a8180835569860501556986050c0004');
INSERT INTO IH_MENU(ID,CODE,NAME,PARENT,ICON,TYPE_,SORTER,AID) VALUES('8a8180835569860501556986050c0005','elBankMng','合作银行管理','8a8c7da455056c840155056c84d80005','icon','0',1,'8a8180835569860501556986050c0005');
INSERT INTO IH_MENU(ID,CODE,NAME,PARENT,ICON,TYPE_,SORTER,AID) VALUES('8a8180835569860501556986050c0006','elSet','设置','8a8c7da455056c840155056c84d80005','icon','0',1,'8a8180835569860501556986050c0006');
INSERT INTO IH_MENU(ID,CODE,NAME,PARENT,ICON,TYPE_,SORTER,AID) VALUES('8a818083556989740155698974220000','elAppMenu','首页菜单管理','8a8180835569860501556986050c0001','icon','0',1,'8a818083556989740155698974220000');
INSERT INTO IH_MENU(ID,CODE,NAME,PARENT,ICON,TYPE_,SORTER,AID) VALUES('8a81808355698a2f0155698a2fa80000','elBank','合作银行','8a8180835569860501556986050c0005','icon','0',1,'8a81808355698a2f0155698a2fa80000');
INSERT INTO IH_MENU(ID,CODE,NAME,PARENT,ICON,TYPE_,SORTER,AID) VALUES('8a81808355698b0b0155698b0b900000','elOrg','组织机构','8a8180835569860501556986050c0006','icon','0',1,'8a81808355698b0b0155698b0b900000');
INSERT INTO IH_MENU(ID,CODE,NAME,PARENT,ICON,TYPE_,SORTER,AID) VALUES('8a81808355698b0b0155698b0b900001','elOptUser','操作员','8a8180835569860501556986050c0006','icon','0',1,'8a81808355698b0b0155698b0b900001');
INSERT INTO IH_MENU(ID,CODE,NAME,PARENT,ICON,TYPE_,SORTER,AID) VALUES('8a81808355698b0b0155698b0b900002','elPermission','权限','8a8180835569860501556986050c0006','icon','0',1,'8a81808355698b0b0155698b0b900002');
INSERT INTO IH_MENU(ID,CODE,NAME,PARENT,ICON,TYPE_,SORTER,AID) VALUES('8a81808355698b0b0155698b0b900003','elSysConfig','系统设置','8a8180835569860501556986050c0006','icon','0',1,'8a81808355698b0b0155698b0b900003');
INSERT INTO IH_MENU(ID,CODE,NAME,PARENT,ICON,TYPE_,SORTER,AID) VALUES('8a81808355698b0b0155698b0b900004','elLog','日志管理','8a8180835569860501556986050c0006','icon','0',1,'8a81808355698b0b0155698b0b900004');
INSERT INTO IH_MENU(ID,CODE,NAME,PARENT,ICON,TYPE_,SORTER,AID) VALUES('8a81808355698b0b0155698b0b900005','elChangePwd','变更登陆密码','8a8180835569860501556986050c0006','icon','0',1,'8a81808355698b0b0155698b0b900005');
