
INSERT INTO `IH_ORG` VALUES ('4028b8815562dbc9015562ddca6a0003', NULL, NULL, '内蒙古小付钱包', NULL, '小付钱包', '0', NULL, NULL, NULL, NULL, NULL, NULL, NULL, NULL, '10000000', 'nmgxfqb', NULL, NULL, NULL, NULL, NULL, NULL, NULL, NULL, NULL, NULL, NULL, NULL, NULL, NULL, NULL, NULL, NULL, NULL, '2016-05-27 21:56:30', NULL, NULL);
INSERT INTO `ELS_ORG` VALUES ('4028b8815562d296015562d879fc000b', '4028b8815562dbc9015562ddca6a0003', 'nmgxfqb', '内蒙古小付钱包', '3', '王五', '18038812331', '010000', '内蒙古呼和浩特市如意开发区敕勒川大街蓝海大厦1205室', '杨华', '0471-3247879', '1', NULL, '2016-05-27 21:57:30');

insert  into `IH_PERSON`(`ID`,`CUSTCODE`,`USERCODE`,`STATUS`,`NAME`,`ENNAME`,`SHORTNAME`,`IDTYPE`,`IDNO`,`SI_ID`,`UPDATEDON`,`PINYIN`,`ISACTIVE`,`ISEXPE`,`TYPE`) 
values 
('40281882554de9e101554deaa0590000',NULL,NULL,'1','卫舒','jack','jack','01','150702197512045081','150702197512045081','2016-05-31','weisu','0','1','1');
insert  into `EL_USER`(`ID`,`NAME`,`ID_CARD_NO`,`GENDER`,`NICKNAME`,`MOBILE`,`PASSWORD`,`PAY_PASSWORD`,`EMAIL`,`WECHAT`,`WEIBO`,`QQ`,`PORTRAIT`,`PER_HOME_BG`,`SI_ID`,`PERSON_ID`) 
values 
('40281882554de9e101554deaa0590000','卫舒','150702197512045081','1','jack','18001261557','bcb15f821479b4d5772bd0ca866c00ad5f926e3580720659cc80d39c9d09802a','123456','jack@163.com','jack@wx','jack@sina','343243545213','','','150702197512045081','40281882554de9e101554deaa0590000');

insert  into `EL_APP_USER_REL`(`ID`,`USER_ID`,`APP_ID`,`IS_REG`,`STATE`,`CREATED_AT`,`EXPIRY_AT`) 
values
('40281882554de9e101554deaa1d00001','40281882554de9e101554deaa0590000','8a8c7db154ebe90c0154ebfdd1270004','0','1','2015-01-20 12:23:32','2017-01-20 12:23:32');

insert  into `ELS_PER_MNG`(`id`,`ORG_ID`,`id_no`,`name`,`bank_no`,`bank_name`,`acct_no`,`department`,`mobile`,`state`,`effective_time`,`expiry_time`) 
values 
('4028b881555950a40155595911e00000','4028b8815562d296015562d879fc000b','150702197512045081','卫舒','4741910','中国银行','6013821231432982346',NULL,NULL,'1','2016-06-16',NULL),
('4028b881555950a40155595a5a190001','4028b8815562d296015562d879fc000b','150702198304099303','井安白','3010000','交通银行','6014281231432982232',NULL,NULL,'1','2016-06-16',NULL),
('4028b881555950a40155595b5b650002','4028b8815562d296015562d879fc000b','150702197610208729','萧皓','4741910','中国银行','6013821231432984673',NULL,NULL,'1','2016-06-16',NULL),
('4028b881555be1e301555c73d5fd000c','4028b8815562d296015562d879fc000b','150702197809216806','鲍圆','3010000','交通银行','6014281231432982234',NULL,NULL,'1','2016-06-16',NULL),
('4028b881555be1e301555c73d745000d','4028b8815562d296015562d879fc000b','150702197912263272','平肜瑛','3010000','交通银行','6014281231432982235',NULL,NULL,'1','2016-06-16',NULL);


insert  into `EL_BANK_CARDS`(`ID`,`PERSON_ID`,`TYPE_ID`,`CARD_NO`,`CARDHOLDER`,`BANK_ORG_ID`,`BANK_NO`,`BANK_NAME`,`BANK_CARD_TYPE`,`BALANCE`,`ORG_ID`,`ORG_NAME`,`ID_CARD_NO`,`BINDED_AT`,`UNBINDED_AT`,`STATE`) 
values 
('ff8080815509cdfd01550aa105740000','40281882554de9e101554deaa0590000','8a8c7d8555444a73015547ae92e20010','6029691231432342','卫舒','','4031000','北京银行','1','100000.00',NULL,NULL,'150123198503029823','2016-06-01 14:22:52','2016-06-01 14:29:00','1'),
('ff8080815509cdfd01550aa1b1f10001','40281882554de9e101554deaa0590000','8a8c7d8555444a73015547ae92e20010','6222208087820261','卫舒','','1020000','中国工商银行','1','100000.00',NULL,NULL,'150123198503029823','2016-06-01 14:23:36','2016-06-01 14:25:53','2'),
('ff80808155251bef015528a853a90000','40281882554de9e101554deaa0590000','8a8c7d8555444a73015547ae92e20010','6222208087820267','卫舒','','1020000','中国工商银行','1','1000.00',NULL,NULL,'150123198503029823','2016-06-07 10:19:28',NULL,'1'),
('ff80808155251bef015528a866490001','40281882554de9e101554deaa0590000','8a8c7d8555444a73015547ae92e20010','6228480878200702677','卫舒','','1030000','农业银行','1','20000.00',NULL,NULL,'150123198503029823','2016-06-07 10:19:32',NULL,'1'),
('ff80808155163fc401551689596c0000','40281882554de9e101554deaa0590000','8a8c7d8954e72d3b0154e738ec77000a','6013821231432982346','卫舒','','1040000','中国银行','1','12834.00','8a8c7d1955112d2801551143ebe4000b','内蒙古社会保障厅','150123198503029823','2016-06-03 21:52:28',NULL,'1'),
('ff80808155163fc40155168971d80001','40281882554de9e101554deaa0590000','8a8c7d8555444a73015547aed2fc0011','6014280878200702623','卫舒','','3010000','交通银行','1','7092.00','4028b8815562d296015562d854dc0009','内蒙古卫生厅','150123198503029823','2016-06-03 21:52:34',NULL,'1');


insert  into `ELS_PAY_BATCH`(`id`,`ORG_ID`,`batch_no`,`month`,`num`,`amount`,`state`,`submit_time`,`pay_time`,`succ_num`,`succ_amount`,`note`)
values 
('40280981554e9a5701555201d7cd0009','4028b8815562d296015562d879fc000b','1','201503',5,'110434.00','3','2015-04-10 09:00:00','2015-04-10 10:00:00',5,'0.00',NULL),
('40280981554e9a57015552052834000a','4028b8815562d296015562d879fc000b','1','201504',5,'111312.26','3','2015-05-10 09:00:00','2015-05-10 09:00:00',5,'0.00',NULL),
('40280981554e9a5701555207ebb2000c','4028b8815562d296015562d879fc000b','1','201505',5,'111122.00','3','2015-06-10 09:00:00','2015-06-10 09:00:00',5,'0.00',NULL),
('40280981554e9a570155520b138c000e','4028b8815562d296015562d879fc000b','1','201506',5,'114334.00','3','2015-07-15 20:25:21','2015-07-15 09:00:00',5,'0.00','2015年6月第一批工资'),
('40280981554e9a570155520d0df8000f','4028b8815562d296015562d879fc000b','1','201507',5,'114369.00','3','2015-08-10 09:00:00','2015-08-10 09:00:00',5,'0.00',NULL),
('40280981554e9a570155520f771f0010','4028b8815562d296015562d879fc000b','1','201508',5,'112363.00','3','2015-09-10 09:00:00','2015-09-10 09:00:00',5,'0.00',NULL),
('4028098155523108015552364cd00000','4028b8815562d296015562d879fc000b','1','201509',5,'112363.00','3','2015-10-10 09:00:00','2015-10-10 09:00:00',5,'0.00','工资'),
('40280981555231080155523810df0001','4028b8815562d296015562d879fc000b','1','201510',5,'112363.00','3','2015-11-10 09:00:00','2015-11-10 09:00:00',5,'0.00','工资'),
('4028098155580b9d0155597b89690005','4028b8815562d296015562d879fc000b','1','201511',5,'112363.00','3','2015-12-10 09:00:00','2015-12-10 09:00:00',5,'0.00','工资'),
('40280981555c2ee901555c44a48a0000','4028b8815562d296015562d879fc000b','1','201512',5,'112363.00','3','2016-01-10 09:00:00','2016-01-10 09:00:00',5,'0.00','工资'),
('40280981555c2ee901555c4845d80002','4028b8815562d296015562d879fc000b','1','201601',5,'115231.00','3','2016-02-10 09:00:00','2016-02-10 09:00:00',5,'0.00','工资'),
('40280981555c2ee901555c49f4020003','4028b8815562d296015562d879fc000b','1','201602',5,'115231.00','3','2016-03-10 09:00:00','2016-03-10 09:00:00',5,'0.00','工资'),
('40280981555c2ee901555c4ba6bb0004','4028b8815562d296015562d879fc000b','1','201603',5,'115231.00','3','2016-04-10 09:00:00','2016-04-10 09:00:00',5,'0.00','工资'),
('40280981555c2ee901555c4dbb6a0005','4028b8815562d296015562d879fc000b','2','201603',1,'15823.00','9','2016-04-10 09:00:00','2016-04-10 09:00:00',0,'0.00','工资'),
('40280981555c2ee901555c4e061c0006','4028b8815562d296015562d879fc000b','3','201603',1,'15823.00','3','2016-04-11 09:00:00','2016-04-11 09:00:00',1,'0.00','工资'),
('40280981555c2ee901555c4f776f0007','4028b8815562d296015562d879fc000b','1','201604',5,'115231.00','3','2016-05-10 09:00:00','2016-05-10 09:00:00',5,'0.00','工资'),
('40280981555c2ee901555c575a14000a','4028b8815562d296015562d879fc000b','2','201604',1,'15621.16','3','2016-05-10 09:00:00','2016-05-10 09:00:00',1,'0.00','工资'),
('40280981555c2ee901555c506d530008','4028b8815562d296015562d879fc000b','1','201605',5,'115231.00','3','2016-06-10 09:00:00','2016-06-10 09:00:00',5,'0.00','工资'),
('40280981555c2ee901555c5540f40009','4028b8815562d296015562d879fc000b','2','201605',1,'16231.12','3','2016-06-10 09:00:00','2016-06-10 09:00:00',1,'0.00','工资'),
('40280981555c2ee901555c58f4b6000b','4028b8815562d296015562d879fc000b','1','201606',5,'115231.00','2','2016-07-10 09:00:00','2016-07-10 09:00:00',0,'0.00','工资'),
('40280981555c2ee901555c596069000c','4028b8815562d296015562d879fc000b','2','201606',1,'17123.20','2','2016-07-10 09:00:00','2016-07-10 09:00:00',0,'0.00','工资');

insert  into `ELS_PAY_BATCHINFO`(`id`,`per_id`,`batch_id`,`batch_no`,`month`,`name`,`acct_no`,`amount`,`pay_time`,`pay_state`,`state_memo`) 
values 
('40280981554e9a57015551d1836b0006','4028b881555950a40155595911e00000','40280981554e9a5701555201d7cd0009','1','201503','卫舒','6013821231432982346','14334.00','2015-04-10 10:00:00','1',NULL),
('40280981554e9a57015551e2efe60008','4028b881555950a40155595911e00000','40280981554e9a57015552052834000a','1','201504','卫舒','6013821231432982346','14334.00','2015-05-10 10:00:00','1',NULL),
('40280981554e9a570155521391520011','4028b881555950a40155595911e00000','40280981554e9a5701555207ebb2000c','1','201505','卫舒','6013821231432982346','14334.00','2015-06-10 10:00:00','1',NULL),
('402809815553e988015553f8d9bd0002','4028b881555950a40155595911e00000','40280981554e9a570155520b138c000e','1','201506','卫舒','6013821231432982346','14334.00','2015-07-10 10:00:00','1',NULL),
('4028098155580b9d015558f1ced40000','4028b881555950a40155595911e00000','40280981554e9a570155520d0df8000f','1','201507','卫舒','6013821231432982346','14334.00','2015-08-10 10:00:00','1',NULL),
('4028098155580b9d015558f258450001','4028b881555950a40155595911e00000','40280981554e9a570155520f771f0010','1','201508','卫舒','6013821231432982346','14334.00','2015-09-10 10:00:00','1',NULL),
('4028098155580b9d0155596447380002','4028b881555950a40155595911e00000','4028098155523108015552364cd00000','1','201509','卫舒','6013821231432982346','14334.00','2015-10-10 10:00:00','1',NULL),
('4028098155580b9d0155596448140003','4028b881555950a40155595911e00000','40280981555231080155523810df0001','1','201510','卫舒','6013821231432982346','14334.00','2015-11-10 10:53:00','1',NULL),
('4028098155580b9d0155596c521c0004','4028b881555950a40155595911e00000','4028098155580b9d0155597b89690005','1','201511','卫舒','6013821231432982346','14334.00','2015-12-10 10:24:00','1',NULL),
('40280981556b82cd01556b93ea280000','4028b881555950a40155595911e00000','40280981555c2ee901555c44a48a0000','1','201512','卫舒','6013821231432982346','14334.00','2015-01-10 10:23:00','1',NULL),

('40280981556bb55601556bf478280010','4028b881555950a40155595911e00000','40280981555c2ee901555c4845d80002','1','201601','卫舒','6013821231432982346','28320.00','2016-02-10 10:45:00','1',NULL),
('40280981556bb55601556bf479940011','4028b881555950a40155595911e00000','40280981555c2ee901555c49f4020003','1','201602','卫舒','6013821231432982346','16948.00','2016-03-10 09:23:00','1',NULL),
('40280981556bb55601556bf47a160012','4028b881555950a40155595911e00000','40280981555c2ee901555c4dbb6a0005','2','201603','卫舒','6013821231432982346','15823.00','2016-04-10 10:46:00','2',NULL),
('40280981556bb55601556c9c67000023','4028b881555950a40155595911e00000','40280981555c2ee901555c4e061c0006','3','201603','卫舒','6013821231432982346','15823.00','2016-04-11 13:11:00','1',NULL),
('40280981556bb55601556c96dd8e001c','4028b881555950a40155595911e00000','40280981555c2ee901555c575a14000a','2','201604','卫舒','6013821231432982346','15621.16','2016-05-10 10:44:00','1',NULL),
('40280981556bb55601556c96e12f001d','4028b881555950a40155595911e00000','40280981555c2ee901555c5540f40009','2','201605','卫舒','6013821231432982346','16231.12','2016-06-10 10:21:00','1',NULL),
('40280981556bb55601556c9c66900022','4028b881555950a40155595911e00000','40280981555c2ee901555c596069000c','2','201606','卫舒','6013821231432982346','17123.20','2016-07-10 10:23:00','1',NULL);



insert  into `ELS_STUB_TEMPLATE`(`id`,`ORG_ID`,`template`,`create_at`) 
values 
('2c9ba8815507042801550c32c8290009','4028b8815562d296015562d879fc000b','出差人员工资模板','2015-01-10 10:23:00'),
('2c9ba8815507042801550c32c8290011','4028b8815562d296015562d879fc000b','兼职人员工资模板','2015-01-10 10:23:00'),
('2c9ba8815507042801550c32c8290012','4028b8815562d296015562d879fc000b','普通员工工资模板','2015-01-10 10:23:00'),
('2c9ba8815507042801550c32c8290013','4028b8815562d296015562d879fc000b','领导工资模块','2015-01-10 10:23:00');



insert  into `ELS_STUB_TEMPLATEINFO`(`id`,`template_id`,`template`,`seqno`,`item`,`is_amt`,`ioflag`) 
values 
('2c9ba8815507042801550c32c8290019','2c9ba8815507042801550c32c8290009','出差人员工资模板',1,'应付','1','1'),
('2c9ba8815507042801550c32c8290029','2c9ba8815507042801550c32c8290009','出差人员工资模板',2,'补助','1','1'),
('2c9ba8815507042801550c32c8290039','2c9ba8815507042801550c32c8290009','出差人员工资模板',3,'医社保','1','0'),
('2c9ba8815507042801550c32c8290049','2c9ba8815507042801550c32c8290009','出差人员工资模板',4,'公积金','1','0'),
('2c9ba8815507042801550c32c8290059','2c9ba8815507042801550c32c8290009','出差人员工资模板',5,'个税','1','0'),
('2c9ba8815507042801550c32c8290069','2c9ba8815507042801550c32c8290009','出差人员工资模板',6,'绩效','1','1'),
('2c9ba8815507042801550c32c8290079','2c9ba8815507042801550c32c8290009','出差人员工资模板',7,'出差补助','1','1'),
('2c9ba8815507042801550c32c8290099','2c9ba8815507042801550c32c8290009','出差人员工资模板',30,'实发','1','1'),


('2c9ba8815507042801550c32c8290119','2c9ba8815507042801550c32c8290011','兼职人员工资模板',1,'应付','1','1'),
('2c9ba8815507042801550c32c8290129','2c9ba8815507042801550c32c8290011','兼职人员工资模板',2,'补助','1','1'),
('2c9ba8815507042801550c32c8290139','2c9ba8815507042801550c32c8290011','兼职人员工资模板',3,'医社保','1','0'),
('2c9ba8815507042801550c32c8290149','2c9ba8815507042801550c32c8290011','兼职人员工资模板',4,'公积金','1','0'),
('2c9ba8815507042801550c32c8290159','2c9ba8815507042801550c32c8290011','兼职人员工资模板',5,'个税','1','0'),
('2c9ba8815507042801550c32c8290199','2c9ba8815507042801550c32c8290011','兼职人员工资模板',30,'实发','1','1'),


('2c9ba8815507042801550c32c8290219','2c9ba8815507042801550c32c8290012','普通员工工资模板',1,'应付','1','1'),
('2c9ba8815507042801550c32c8290229','2c9ba8815507042801550c32c8290012','普通员工工资模板',2,'补助','1','1'),
('2c9ba8815507042801550c32c8290239','2c9ba8815507042801550c32c8290012','普通员工工资模板',3,'医社保','1','0'),
('2c9ba8815507042801550c32c8290249','2c9ba8815507042801550c32c8290012','普通员工工资模板',4,'公积金','1','0'),
('2c9ba8815507042801550c32c8290259','2c9ba8815507042801550c32c8290012','普通员工工资模板',5,'个税','1','0'),
('2c9ba8815507042801550c32c8290269','2c9ba8815507042801550c32c8290012','普通员工工资模板',6,'绩效','1','1'),
('2c9ba8815507042801550c32c8290299','2c9ba8815507042801550c32c8290012','普通员工工资模板',30,'实发','1','1'),


('2c9ba8815507042801550c32c8290319','2c9ba8815507042801550c32c8290013','领导工资模块',1,'应付','1','1'),
('2c9ba8815507042801550c32c8290329','2c9ba8815507042801550c32c8290013','领导工资模块',2,'补助','1','1'),
('2c9ba8815507042801550c32c8290339','2c9ba8815507042801550c32c8290013','领导工资模块',3,'医社保','1','0'),
('2c9ba8815507042801550c32c8290349','2c9ba8815507042801550c32c8290013','领导工资模块',4,'公积金','1','0'),
('2c9ba8815507042801550c32c8290359','2c9ba8815507042801550c32c8290013','领导工资模块',5,'个税','1','0'),
('2c9ba8815507042801550c32c8290369','2c9ba8815507042801550c32c8290013','领导工资模块',6,'绩效','1','1'),
('2c9ba8815507042801550c32c8290379','2c9ba8815507042801550c32c8290013','领导工资模块',7,'分红','1','1'),
('2c9ba8815507042801550c32c8290399','2c9ba8815507042801550c32c8290013','领导工资模块',30,'实发','1','1');


insert  into `ELS_STUB_BATCH`(`id`,`template_id`,`ORG_ID`,`template`,`batch_no`,`month`,`num`,`amount`,`state`,`submit_time`,`note`) 
values 
('2c9ba8815507042801550fd62d970018','2c9ba8815507042801550c32c8290009','4028b8815562d296015562d879fc000b','出差人员工资模板','1','201503',5,'110434.00','3',NULL,''),
('2c9ba881550704280155116741c10023','2c9ba8815507042801550c32c8290009','4028b8815562d296015562d879fc000b','出差人员工资模板','1','201504',5,'111312.26','3',NULL,''),
('8a818082551a4e3f01551a9c6b2d0000','2c9ba8815507042801550c32c8290009','4028b8815562d296015562d879fc000b','出差人员工资模板','1','201505',5,'111122.00','3',NULL,''),
('8a818082551a4e3f01551a9c6b2d0001','2c9ba8815507042801550c32c8290009','4028b8815562d296015562d879fc000b','出差人员工资模板','1','201506',5,'114334.00','3',NULL,''),
('8a818082551a4e3f01551a9c6b2d0002','2c9ba8815507042801550c32c8290009','4028b8815562d296015562d879fc000b','出差人员工资模板','1','201507',5,'114369.00','3',NULL,''),
('8a818082551a4e3f01551a9c6b2d0003','2c9ba8815507042801550c32c8290009','4028b8815562d296015562d879fc000b','出差人员工资模板','1','201508',5,'112363.00','3',NULL,''),
('8a818082551a4e3f01551a9c6b2d0004','2c9ba8815507042801550c32c8290009','4028b8815562d296015562d879fc000b','出差人员工资模板','1','201509',5,'112363.00','3',NULL,''),
('8a818082551a4e3f01551a9c6b2d0005','2c9ba8815507042801550c32c8290009','4028b8815562d296015562d879fc000b','出差人员工资模板','1','201510',5,'112363.00','3',NULL,''),
('8a818082551a4e3f01551a9c6b2d0006','2c9ba8815507042801550c32c8290009','4028b8815562d296015562d879fc000b','出差人员工资模板','1','201511',5,'112363.00','3',NULL,''),
('8a818082551a4e3f01551a9c6b2d0007','2c9ba8815507042801550c32c8290009','4028b8815562d296015562d879fc000b','出差人员工资模板','1','201512',5,'112363.00','3',NULL,''),
('8a818082551a4e3f01551a9c6b2d0008','2c9ba8815507042801550c32c8290009','4028b8815562d296015562d879fc000b','出差人员工资模板','1','201601',5,'115231.00','3',NULL,''),
('8a818082551a4e3f01551a9c6b2d0009','2c9ba8815507042801550c32c8290009','4028b8815562d296015562d879fc000b','出差人员工资模板','1','201602',5,'115231.00','3',NULL,''),

('8a818082551a4e3f01551a9c6b2d0010','2c9ba8815507042801550c32c8290009','4028b8815562d296015562d879fc000b','出差人员工资模板','1','201603',5,'115231.00','3',NULL,''),
('8a818082551a4e3f01551a9c6b2d0011','2c9ba8815507042801550c32c8290013','4028b8815562d296015562d879fc000b','领导工资模块','2','201603',1,'15823.00','9',NULL,''),
('8a818082551a4e3f01551a9c6b2d0012','2c9ba8815507042801550c32c8290013','4028b8815562d296015562d879fc000b','领导工资模块','3','201603',1,'15823.00','3',NULL,''),
('8a818082551a4e3f01551a9c6b2d0013','2c9ba8815507042801550c32c8290009','4028b8815562d296015562d879fc000b','出差人员工资模板','1','201604',5,'115231.00','3',NULL,''),
('8a818082551a4e3f01551a9c6b2d0014','2c9ba8815507042801550c32c8290013','4028b8815562d296015562d879fc000b','领导工资模块','2','201604',1,'15621.16','3',NULL,''),
('8a818082551a4e3f01551a9c6b2d0015','2c9ba8815507042801550c32c8290009','4028b8815562d296015562d879fc000b','出差人员工资模板','1','201605',5,'115231.00','3',NULL,''),
('8a818082551a4e3f01551a9c6b2d0016','2c9ba8815507042801550c32c8290013','4028b8815562d296015562d879fc000b','领导工资模块','2','201605',1,'16231.12','3',NULL,''),
('8a818082551a4e3f01551a9c6b2d0017','2c9ba8815507042801550c32c8290009','4028b8815562d296015562d879fc000b','出差人员工资模板','1','201606',5,'115231.00','3',NULL,''),
('8a818082551a4e3f01551a9c6b2d0018','2c9ba8815507042801550c32c8290013','4028b8815562d296015562d879fc000b','领导工资模块','2','201606',1,'17123.20','3',NULL,'');


insert  into `ELS_STUB_BATCHINFO`(`id`,`per_id`,`batch_id`,`batch_no`,`month`,`id_no`,`name`,`note`,`template_id`,`template`,`item1`,`item2`,`item3`,`item4`,`item5`,`item6`,`item7`,`item8`,`item9`,`item10`,`item11`,`item12`,`item13`,`item14`,`item15`,`item16`,`item17`,`item18`,`item19`,`item20`,`item21`,`item22`,`item23`,`item24`,`item25`,`item26`,`item27`,`item28`,`item29`,`item30`) 
values 
('402809815500531f0155005dca6b0003','4028b881555950a40155595911e00000','2c9ba8815507042801550fd62d970018','1','201503','150702197512045081','卫舒','','2c9ba8815507042801550c32c8290009','出差人员工资模板','18000.00','400.00','780.00','2000.00','2112.00','2600.00','1800.00','','','','','','','','','','','','','','','','','','','','','','','14334.00'),
('402809815500531f0155005dca6b0004','4028b881555950a40155595911e00000','2c9ba881550704280155116741c10023','1','201504','150702197512045081','卫舒','','2c9ba8815507042801550c32c8290009','出差人员工资模板','18000.00','400.00','780.00','2000.00','2112.00','2600.00','1800.00','','','','','','','','','','','','','','','','','','','','','','','14334.00'),
('402809815500531f0155005dca6b0005','4028b881555950a40155595911e00000','8a818082551a4e3f01551a9c6b2d0000','1','201505','150702197512045081','卫舒','','2c9ba8815507042801550c32c8290009','出差人员工资模板','18000.00','400.00','780.00','2000.00','2112.00','2600.00','1800.00','','','','','','','','','','','','','','','','','','','','','','','14334.00'),
('402809815500531f0155005dca6b0006','4028b881555950a40155595911e00000','8a818082551a4e3f01551a9c6b2d0001','1','201506','150702197512045081','卫舒','','2c9ba8815507042801550c32c8290009','出差人员工资模板','18000.00','400.00','780.00','2000.00','2112.00','2600.00','1800.00','','','','','','','','','','','','','','','','','','','','','','','14334.00'),
('402809815500531f0155005dca6b0007','4028b881555950a40155595911e00000','8a818082551a4e3f01551a9c6b2d0002','1','201507','150702197512045081','卫舒','','2c9ba8815507042801550c32c8290009','出差人员工资模板','18000.00','400.00','780.00','2000.00','2112.00','2600.00','1800.00','','','','','','','','','','','','','','','','','','','','','','','14334.00'),
('402809815500531f0155005dca6b0008','4028b881555950a40155595911e00000','8a818082551a4e3f01551a9c6b2d0003','1','201508','150702197512045081','卫舒','','2c9ba8815507042801550c32c8290009','出差人员工资模板','18000.00','400.00','780.00','2000.00','2112.00','2600.00','1800.00','','','','','','','','','','','','','','','','','','','','','','','14334.00'),
('402809815500531f0155005dca6b0009','4028b881555950a40155595911e00000','8a818082551a4e3f01551a9c6b2d0004','1','201509','150702197512045081','卫舒','','2c9ba8815507042801550c32c8290009','出差人员工资模板','18000.00','400.00','780.00','2000.00','2112.00','2600.00','1800.00','','','','','','','','','','','','','','','','','','','','','','','14334.00'),
('402809815500531f0155005dca6b0010','4028b881555950a40155595911e00000','8a818082551a4e3f01551a9c6b2d0005','1','201510','150702197512045081','卫舒','','2c9ba8815507042801550c32c8290009','出差人员工资模板','18000.00','400.00','780.00','2000.00','2112.00','2600.00','1800.00','','','','','','','','','','','','','','','','','','','','','','','14334.00'),
('402809815500531f0155005dca6b0011','4028b881555950a40155595911e00000','8a818082551a4e3f01551a9c6b2d0006','1','201511','150702197512045081','卫舒','','2c9ba8815507042801550c32c8290009','出差人员工资模板','18000.00','400.00','780.00','2000.00','2112.00','2600.00','1800.00','','','','','','','','','','','','','','','','','','','','','','','14334.00'),
('402809815500531f0155005dca6b0012','4028b881555950a40155595911e00000','8a818082551a4e3f01551a9c6b2d0007','1','201512','150702197512045081','卫舒','','2c9ba8815507042801550c32c8290009','出差人员工资模板','18000.00','400.00','780.00','2000.00','2112.00','2600.00','1800.00','','','','','','','','','','','','','','','','','','','','','','','14334.00'),
('402809815500531f0155005dca6b0013','4028b881555950a40155595911e00000','8a818082551a4e3f01551a9c6b2d0008','1','201601','150702197512045081','卫舒','','2c9ba8815507042801550c32c8290009','出差人员工资模板','36000.00','400.00','780.00','2000.00','5678.21','2600.00','0.00','','','','','','','','','','','','','','','','','','','','','','','28320.00'),
('402809815500531f0155005dca6b0014','4028b881555950a40155595911e00000','8a818082551a4e3f01551a9c6b2d0009','1','201602','150702197512045081','卫舒','','2c9ba8815507042801550c32c8290009','出差人员工资模板','22000.00','623.00','820.00','2400.00','2365.00','1792.00','2000.00','','','','','','','','','','','','','','','','','','','','','','','16948.00'),

('402809815500531f0155005dca6b0015','4028b881555950a40155595911e00000','8a818082551a4e3f01551a9c6b2d0011','2','201603','150702197512045081','卫舒','','2c9ba8815507042801550c32c8290009','领导工资模块','22000.00','623.00','820.00','2400.00','2212.00','1208.00','1800.00','','','','','','','','','','','','','','','','','','','','','','','15823.00'),
('402809815500531f0155005dca6b0016','4028b881555950a40155595911e00000','8a818082551a4e3f01551a9c6b2d0012','3','201603','150702197512045081','卫舒','','2c9ba8815507042801550c32c8290009','领导工资模块','22000.00','623.00','820.00','2400.00','2212.00','1208.00','1800.00','','','','','','','','','','','','','','','','','','','','','','','15823.00'),
('402809815500531f0155005dca6b0018','4028b881555950a40155595911e00000','8a818082551a4e3f01551a9c6b2d0014','2','201604','150702197512045081','卫舒','','2c9ba8815507042801550c32c8290009','领导工资模块','22000.00','623.00','820.00','2400.00','2180.00','1020.00','1800.00','','','','','','','','','','','','','','','','','','','','','','','15621.16'),
('402809815500531f0155005dca6b0019','4028b881555950a40155595911e00000','8a818082551a4e3f01551a9c6b2d0016','2','201605','150702197512045081','卫舒','','2c9ba8815507042801550c32c8290009','领导工资模块','22000.00','623.00','820.00','2400.00','2312.00','1660.00','1800.00','','','','','','','','','','','','','','','','','','','','','','','16231.12'),
('402809815500531f0155005dca6b0020','4028b881555950a40155595911e00000','8a818082551a4e3f01551a9c6b2d0018','2','201606','150702197512045081','卫舒','','2c9ba8815507042801550c32c8290009','领导工资模块','22000.00','623.00','820.00','2400.00','2423.00','2042.00','1800.00','','','','','','','','','','','','','','','','','','','','','','','17123.20');



INSERT INTO `IH_ORG` VALUES ('8a8c7d9b55298217015529a9844e0000', NULL, 'nm001', '内蒙古第一医院', NULL, '第一医院', '0', NULL, NULL, NULL, NULL, NULL, NULL, NULL, NULL, '01000000', 'nmggjmyyy', NULL, NULL, NULL, NULL, NULL, NULL, NULL, NULL, NULL, NULL, NULL, NULL, NULL, NULL, NULL, NULL, NULL, NULL, '2016-05-27 21:58:12', NULL, NULL);
INSERT INTO `ELH_ORG` VALUES ('8a8c7d9b55298217015529a9844e0000','nm001','内蒙古第一医院','1','3A','张三','13812371283','0471','呼和浩特市大学东路83号','李四','13812371212','1',NULL,'ff808081559fc5740155a089c479000d','ff808081559fc5740155a09ce4ca0017','2016-05-27 22:08:30');
INSERT INTO `ELH_HOSPITAL` VALUES ('8a8c7d9b55298217015529a9844e0000','8a8c7d9b55298217015529a9844e0000','内蒙古第一医院',' 4.5','ff808081559fc5740155a08c246a000e','5','1999','5787',NULL,'呼和浩特市大学东路83号','111','40','公交：101路、48路新华连雅苑站下，向北走约200米。','医院以蒙医药特色优势的技术为主，力争以一流的人才、一流的技术、一流的设备、一流的环境、一流的服务，结合临床各科综合医疗服务，为广大患者提供优质、有效、安全、方便、适宜的医疗、保健、康复服务，并为蒙古国等邻国患者提供优质、快捷、高效、完善的蒙医药及综合医疗服务。','http://www.gjmyy.cn/','1790','312','8a8c7d99559eeb190155a06798f90034','8a8c7d8355a085cd0155a10f8aed0000');


insert into `ELH_DEPARTMENT` (`ID`, `ID_HLHT`, `CODE`, `NAME`, `ADDRESS`, `BRIEF`, `DESCRIPTION`, `FLAG`, `HOSPITAL`, `IS_SPECIAL`, `TYPE`, `SORTNO`) 
values
('8a8180835569c883015569c94ee60000','8a8180835569c883015569c94ee60000','nb000','消化内科','1号楼',NULL,NULL,NULL,'8a8c7d9b55298217015529a9844e0000','0','内科','1'),
('8a8180835569c883015569c94ee60001','8a8180835569c883015569c94ee60001','nb001','神经内科','1号楼',NULL,NULL,NULL,'8a8c7d9b55298217015529a9844e0000','0','内科','2'),
('8a8180835569c883015569c94ee60002','8a8180835569c883015569c94ee60002','nb002','呼吸内科','1号楼',NULL,NULL,NULL,'8a8c7d9b55298217015529a9844e0000','1','内科','3'),
('8a8180835569c883015569c94ee60003','8a8180835569c883015569c94ee60003','nb003','儿科','综合楼',NULL,NULL,NULL,'8a8c7d9b55298217015529a9844e0000','0','儿科','4'),
('8a8180835569c883015569c94ee60004','8a8180835569c883015569c94ee60004','nb004','口腔科','1号楼',NULL,NULL,NULL,'8a8c7d9b55298217015529a9844e0000','0','口腔科','5'),
('8a8180835569c883015569c94ee60005','8a8180835569c883015569c94ee60005','nb005','普外科','1号楼',NULL,NULL,NULL,'8a8c7d9b55298217015529a9844e0000','1','普外','6'),
('8a8180835569c883015569cc0bf40001','8a8180835569c883015569cc0bf40001','nb009','骨科','综合楼',NULL,NULL,NULL,'8a8c7d9b55298217015529a9844e0000','1','骨科','9');


insert into `ELH_DOCTOR` (`ID`, `ID_HLHT`, `NAME`, `GENDER`, `JOB_NUM`, `CERT_NUM`, `DEGREES`, `MAJOR`, `JOB_TITLE`, `SPECIALITY`, `ENTRY_TIME`, `DEPARTMENT`, `DEPT_NAME`, `HOSPITAL`, `HOS_NAME`, `PORTRAIT`, `CLINIC`, `CLINIC_DESC`, `IS_EXPERT`, `BIRTHDAY`, `ENTRY_DATE`, `SORTNO`) 
values
('8a81808254fa96ca0154fa9a6d400000','8a81808254fa96ca0154fa9a6d400000','何权瀛','1','01203','','','','教授,主任医师','擅长诊治感染性肺部疾病、气道阻塞性疾病、睡眠呼吸暂停综合征、间质性肺病、少见的肺部疑难杂症等',NULL,'8a8180835569c883015569c94ee60002','呼吸内科','8a8c7d9b55298217015529a9844e0000','内蒙古第一医院','ff808081559fc5740155a1b9935e001f','1;am;300|3;am;300','周一上午，挂号费300<br>周三上午，挂号费300','0',NULL,NULL,'2'),
('8a81808254fa96ca0154fa9d5c540001','8a81808254fa96ca0154fa9d5c540001','高占成','1','01069','','','','教授,主任医师','擅长（1）诊治感染性肺部疾病、慢性阻塞性肺病、哮喘、间质性肺病、少见肺部疑难杂症和呼吸危重症等呼吸系统疾病；（2）呼吸系统疾病介入诊疗，包括经支气管镜活瓣植入肺减容术、气道内冷冻治疗等。',NULL,'8a8180835569c883015569c94ee60002','呼吸内科','8a8c7d9b55298217015529a9844e0000','内蒙古第一医院','ff808081559fc5740155a1b9ef170020','4;am;300','周四上午，挂号费300','0',NULL,NULL,'1'),
('8a81808254fa96ca0154fa9de62f0002','8a81808254fa96ca0154fa9de62f0002','曹照龙','1','01138','','','','主任医师','擅长诊治感染性肺部疾病、气道阻塞性疾病、睡眠呼吸暂停综合征、间质性肺病、少见的肺部疑难杂症等',NULL,'8a8180835569c883015569c94ee60000','消化内科','8a8c7d9b55298217015529a9844e0000','内蒙古第一医院','ff808081559fc5740155a1bab9aa0021','2;pm;200|4;pm;200','周二下午，挂号费200<br>周四下午，挂号费200','1',NULL,NULL,'0'),
('8a81808254fa96ca0154fa9e42900003','8a81808254fa96ca0154fa9e42900003','韩芳','1','02711','','','','主任医师','擅长诊治睡眠呼吸暂停综合征、睡眠相关疾病等。',NULL,'8a8180835569c883015569c94ee60000','消化内科','8a8c7d9b55298217015529a9844e0000','内蒙古第一医院','ff808081559fc5740155a1baf3e60022','1;pm;100|4;pm;14','周一下午，挂号费100<br>周四下午，挂号费14','0',NULL,NULL,'0'),
('8a81808254fa96ca0154fa9f14eb0006','8a81808254fa96ca0154fa9f14eb0006','屈汉廷','1','00111','','','','教授,主任医师','消化系统疾病：包括肝病及消化系内镜等。',NULL,'8a8180835569c883015569c94ee60000','消化内科','8a8c7d9b55298217015529a9844e0000','内蒙古第一医院','ff808081559fc5740155a1bb2ee00023','1;am;200|2;am;200','周一上午，挂号费200<br>周二上午，挂号费200<br>周三上午，挂号费200','0',NULL,NULL,'0'),
('8a81808254fa96ca0154faa012070007','8a81808254fa96ca0154faa012070007','刘玉兰','0','02140','','','','主任医师','1.炎症性肠病（溃疡性结肠炎以及克罗恩病）的诊断和治疗 2. 慢性肝病，尤其是疑难肝病的诊疗； 3.脂肪肝诊治；4.早期食管癌，胃癌及结肠癌的诊断及治疗 5. 食管疾病的内镜下治疗，如贲门失弛缓、各种原因食管狭窄的内镜下治疗等',NULL,'8a8180835569c883015569c94ee60000','消化内科','8a8c7d9b55298217015529a9844e0000','内蒙古第一医院','ff808081559fc5740155a1bbb1870024','4;am;100','周四上午，挂号费100','1',NULL,NULL,'0');



insert  into `ELH_SUPP_CARD_TYPE` VALUES 
('8a8c7d9d557b35a501557b35a5420000','8a8c7d9b55298217015529a9844e0000','8a8c7d8954e72d3b0154e738ec77000a','社保卡'),
('8a8c7d9d557b35a501557b35a5420001','8a8c7d9b55298217015529a9844e0000','8a8c7d8555444a73015547aed2fc0011','健康卡'),
('8a8c7d9d557b35a501557b35a5420002','8a8c7d9b55298217015529a9844e0000','4028b88154ed4a5f0154ed4c208b0000','就诊卡');

INSERT INTO `EL_APPS` VALUES ('40281882554de9e101554df07eed0003', '2', '8a8c7d9b55298217015529a9844e0000', '易健康', '1', '2016-06-01 00:00:00', NULL);
INSERT INTO `EL_APP_AD_POS` VALUES ('80281882554de9e101554df07eed0004', '40281882554de9e101554df07eed0003', '首页广告');
INSERT INTO `EL_APP_USER_REL`(`ID`,`USER_ID`,`APP_ID`,`IS_REG`,`STATE`,`CREATED_AT`,`EXPIRY_AT`) 
VALUES
('8a8c7d8555444a73015547aed2fc0011','40281882554de9e101554deaa0590000','40281882554de9e101554df07eed0003','1','1','2015-01-20 12:23:32','2017-01-20 12:23:32');

insert  into `ELH_PATIENT`(`ID`,`USER_TYPE`,`NAME`,`PHOTO`,`IDNO`,`MOBILE`,`EMAIL`,`GENDER`,`ADDRESS`,`STATUS`,`BIRTHDAY`,`HEIGHT`,`WEIGHT`) 
values 
('40281882554de9e101554deaa0590000','1','卫舒','','150702197512045081','18001261557','jack@163.com','1','','1','',178,75);

insert  into `ELH_PATIENT_RELA`(`ID`,`USER_ID`,`PATIENT_ID`,`USER_TYPE`,`NAME`,`GENDER`,`RELATIONSHI`,`ALIAS`,`IDNO`,`PHOTO`,`MOBILE`,`EMAIL`,`ADDRESS`,`STATUS`,`BIRTHDAY`,`HEIGHT`,`WEIGHT`)
values 
('ff808081550b4e1101550bfb25f60000','40281882554de9e101554deaa0590000','40281882554de9e101554deaa0590000',NULL,'卫舒','1','自己','我','150702197512045081',NULL,'18001261557','jack@163.com','内蒙古呼和浩特市和林县盛乐企业总部','1','1983-10-12',178,75),
('ff80808155066d8f015506dad84c000a','40281882554de9e101554deaa0590000',NULL,NULL,'张三','1','弟弟','张三','150104198412111111',NULL,'18147106912',NULL,'内蒙古呼和浩特市','1','1984-12-11',180,80),
('ff80808155066d8f015506d841d80011','40281882554de9e101554deaa0590000',NULL,NULL,'李四','1','同事','李四','15012419850423881X',NULL,'15847778489',NULL,NULL,'1',NULL,0,0),
('ff80808155066d8f015506d841d80008','40281882554de9e101554deaa0590000',NULL,NULL,'王五','1','亲戚','王五','150124198410233111',NULL,'13576548907',NULL,NULL,'1',NULL,0,0),
('ff80808155066d8f015506d681d40006','40281882554de9e101554deaa0590000',NULL,NULL,'赵六','2','朋友','赵六','150105198410148320',NULL,'15847778489',NULL,NULL,'1',NULL,0,0);



insert  into `ELH_ORDER`(`ID`,`ORDER_NO`,`BILL_NO`,`PATIENT`,`HOSPITAL`,`STATUS`,`AMOUNT`,`CASH`,`MI_PAYED`,`PAY_TIME`,`UPDATE_TIME`,`CREATE_TIME`,`DESCRIPTION`,`TREATMENT`) 
values 
('40281882554df9de01554dfcd2bc0004','100011','zd-001','ff808081550b4e1101550bfb25f60000','8a8c7d9b55298217015529a9844e0000','1','467.00','300.00','167.00','2016-03-10 10:00:12','2016-3-10 10:01:01','2016-03-10 10:00:12','感冒了','1'),
('4028188255542b050155545cb87f0000','100012','zd-002','ff808081550b4e1101550bfb25f60000','8a8c7d9b55298217015529a9844e0000','1','500.00','300.00','200.00','2016-03-11 10:10:12','2016-3-11 10:10:12','2016-03-11 10:10:12','头疼脑热','1'),
('8a8c7d1c55110d810155111363260001','100001','zd-001','ff808081550b4e1101550bfb25f60000','8a8c7d9b55298217015529a9844e0000','9','467.00','300.00','167.00','2016-03-10 10:00:12','2016-3-10 10:01:01','2016-03-10 10:00:12','由细菌引起的急性咽喉炎','1'),
('8a8c7d1c55110d810155111363260002','100002','zd-002','ff808081550b4e1101550bfb25f60000','8a8c7d9b55298217015529a9844e0000','1','1512.28','1300.00','212.28','2016-03-11 10:10:12','2016-3-11 10:10:12','2016-03-11 10:10:12','风寒感冒','1'),
('8a8c7d1c55110d810155111363260003','100003','zd-003','ff808081550b4e1101550bfb25f60000','8a8c7d9b55298217015529a9844e0000','1','1123.20','300.00','823.20','2016-04-11 10:10:12','2016-3-11 10:10:12','2016-04-11 10:10:12','支气管炎','1'),
('8a8c7d1c55110d810155111363260004','100004','zd-004','ff808081550b4e1101550bfb25f60000','8a8c7d9b55298217015529a9844e0000','1','251.00','150.00','201.00','2016-04-11 10:10:12','2016-3-11 10:10:12','2016-04-11 10:10:12','上呼吸道感染','1'),
('8a8c7d1c55110d810155111363260005','100005','zd-005','ff808081550b4e1101550bfb25f60000','8a8c7d9b55298217015529a9844e0000','0','94.79','50.00','44.79','2016-05-11 10:10:12','2016-3-11 10:10:12','2016-05-11 10:10:12','老年痴呆性肌无力','1'),
('8a8c7d1c55110d810155111363260006','100006','zd-006','ff808081550b4e1101550bfb25f60000','8a8c7d9b55298217015529a9844e0000','0','983.60','300.00','783.60','2016-06-11 10:10:12','2016-3-11 10:10:12','2016-06-11 10:10:12','头疼脑热','1'),
('8a8c7d1c55110d810155111363260007','100007','zd-007','ff808081550b4e1101550bfb25f60000','8a8c7d9b55298217015529a9844e0000','1','15.00','0.00','15.00','2016-03-11 10:10:12','2016-3-11 10:10:12','2016-03-11 10:10:12','挂号费','1');



insert  into `ELH_CHARGE`(`ID`,`ID_HLHT`,`NAME`,`RECEIVE_AMOUNT`,`REAL_AMOUNT`,`STATUS`,`PATIENT`,`BIZ_SOURCE`,`BIZ_ID`,`TREATDETAIL`,`TREATMENT`,`TYPE`,`PRICE_PER`,`CHARGE_PER`,`ORDER_PER`,`COMMENT`,`CREATE_TIME`,`OCCUR_TIME`,`REG_TIME`,`PAY_TIME`,`ORDER_ID`,`ORDER_NO`) 
values 
('ff80808155066d8f015506d681d40006',NULL,'CT',NULL,'200.00','1','卫舒',NULL,NULL,NULL,NULL,NULL,NULL,NULL,NULL,NULL,'2016-06-19 20:31:12',NULL,NULL,'2016-06-19 20:31:12','8a8c7d1c55110d810155111363260006',NULL),
('ff80808155066d8f015506d681d40007',NULL,'血常规化验',NULL,'198.00','1','卫舒',NULL,NULL,NULL,NULL,NULL,NULL,NULL,NULL,NULL,'2016-06-19 20:30:12',NULL,NULL,'2016-06-19 20:30:12','8a8c7d1c55110d810155111363260006',NULL),
('ff80808155066d8f015506d681d40008',NULL,'药费',NULL,'289.00','1','卫舒',NULL,NULL,NULL,NULL,NULL,NULL,NULL,NULL,NULL,'2016-06-19 20:32:12',NULL,NULL,'2016-06-19 20:33:12','8a8c7d1c55110d810155111363260006',NULL);


insert into `ELH_MED_CARDS` (`ID`, `ID_HLHT`, `PERSON_ID`, `PATIENT_ID`, `TYPE_ID`, `TYPE_NAME`, `CARD_NO`, `CARDHOLDER`, `ID_CARD_NO`, `ORG_ID`, `ORG_NAME`, `BINDED_AT`, `UNBINDED_AT`, `STATE`) 
values
('4028b6825572f6f0015573221b830009',NULL,NULL,'ff808081550b4e1101550bfb25f60000','8a8c7d8954e72d3b0154e738ec77000a','社保卡','150702197512045081','卫舒','150702197512045081',NULL,NULL,'2016-06-21 21:24:22',NULL,'1'),
('4028b6825572f6f0015573283951000a',NULL,NULL,'ff808081550b4e1101550bfb25f60000','4028b88154ed4a5f0154ed4c208b0000','就诊卡','987654321','卫舒','150702197512045081',NULL,NULL,'2016-06-21 21:31:03',NULL,'1'),
('4028b6825572f6f0015573283951001a',NULL,NULL,'ff808081550b4e1101550bfb25f60000','4028b88154ed4a5f0154ed4c208b0000','就诊卡','123456789','卫舒','150702197512045081',NULL,NULL,'2016-06-21 21:31:03',NULL,'1'),
('4028b6825572f6f001557329d4db000b',NULL,NULL,'ff808081550b4e1101550bfb25f60000','8a8c7d8555444a73015547aed2fc0011','健康卡','456789321','卫舒','150702197512045081',NULL,NULL,'2016-06-21 21:32:49',NULL,'1');


insert  into `EL_IMAGES`(`ID`,`FK_ID`,`FK_TYPE`,`MEMO`,`PATH`,`FILE_NAME`,`EXT_NAME`,`RESOLUTION`,`SIZE`,`SORT_NUM`) 
values 
('ff8080815551f4e0015551f663f10000',NULL,NULL,NULL,'upload/images/20160615104909_123.png','20160615104909_123.png','png',NULL,'76.85',0),
('ff8080815551f4e0015551f6edf60001',NULL,NULL,NULL,'upload/images/20160615104945_362.png','20160615104945_362.png','png',NULL,'364.67',0),
('ff8080815551f4e0015551f768fb0002',NULL,NULL,NULL,'upload/images/20160615105016_348.png','20160615105016_348.png','png',NULL,'292.75',0),
('ff8080815551f4e0015551f7a8050003',NULL,NULL,NULL,'upload/images/20160615105032_46.png','20160615105032_46.png','png',NULL,'348.03',0),
('ff808081559fc5740155a1b9935e001f',NULL,NULL,NULL,'upload/images/20160630223221_73.jpg','20160630223221_73.jpg','jpg',NULL,'9.03','0'),
('ff808081559fc5740155a1b9ef170020',NULL,NULL,NULL,'upload/images/20160630223245_737.jpg','20160630223245_737.jpg','jpg',NULL,'4.92','0'),
('ff808081559fc5740155a1bab9aa0021',NULL,NULL,NULL,'upload/images/20160630223336_692.jpg','20160630223336_692.jpg','jpg',NULL,'8.94','0'),
('ff808081559fc5740155a1baf3e60022',NULL,NULL,NULL,'upload/images/20160630223351_559.jpg','20160630223351_559.jpg','jpg',NULL,'10.48','0'),
('ff808081559fc5740155a1bb2ee00023',NULL,NULL,NULL,'upload/images/20160630223406_265.jpg','20160630223406_265.jpg','jpg',NULL,'11.63','0'),
('ff808081559fc5740155a1bbb1870024',NULL,NULL,NULL,'upload/images/20160630223440_969.jpg','20160630223440_969.jpg','jpg',NULL,'12.70','0');

insert  into `EL_NEWS`(`ID`,`FK_ID`,`FK_TYPE`,`CAPTION`,`DIGEST`,`BODY`,`IMAGE`,`FEEDED_BY`,`STATE`,`CREATED_BY`,`CREATED_AT`,`UPDATED_BY`,`UPDATED_AT`) 
values 
('ff8080815509cdfd01550ade562c0002','','HA','\"荐\"者|有份','呼朋唤友,上千积分等你拿','2016年6月14日至2016年8月14日,易民生推荐有奖了,邀请一个好友送200积分,可推荐10人.推荐链接:els.com?userid=123','ff8080815551f4e0015551f663f10000','wod','1',NULL,'2016-06-14',NULL,NULL),
('ff8080815509cdfd01550ade562c0003','','HA','易民生|1岁了','6月14日,百万积分等你抢','高能聚焦,大福利:2017年6月14日,这是一个神奇的日子,易民生一周岁了,老板发善心,百万积分当花撒,谁人不抢谁人傻 ','ff8080815551f4e0015551f7a8050003','black','1','1','2016-06-15','1','1'),
('ff8080815509cdfd01550ade562c0004','','HA','你挂号|我补贴','挂号拿红包了','nothing','ff8080815551f4e0015551f768fb0002','victor','1',NULL,'2016-06-15',NULL,NULL),
('ff8080815509cdfd01550ade562c1001','','H3','北京市卫生与计划生育委员会关于贯彻落实《职业病诊断与鉴定管理办法》的通知1','北京市卫生与计划生育委员会关于贯彻落实《职业病诊断与鉴定管理办法》的通知','北京市卫生与计划生育委员会关于贯彻落实《职业病诊断与鉴定管理办法》的通知','ff8080815551f4e0015551f6edf60001','医务处 刘君','1',NULL,'2016-06-17',NULL,NULL),
('ff8080815509cdfd01550ade562c1002','','H3','北京市卫生计生委关于印发《北京市外地来京人员生育服务联系单办理补充规定》的通知2','北京市卫生计生委关于印发《北京市外地来京人员生育服务联系单办理补充规定》的通知','北京市卫生计生委关于印发《北京市外地来京人员生育服务联系单办理补充规定》的通知','ff8080815551f4e0015551f6edf60001','医务处 刘君','1','','2016-06-18','','');

insert  into `EL_APP_AD`(`ID`,`AD_POS_ID`,`IMAGE`,`MEMO`,`SORT_NUM`,`ARTICLE`,`LINK_ARTICLE`,`STATE`) 
values 
('8a8c7d8654f27be10154f27d68720000','80281882554de9e101554df07eed0004','ff8080815551f4e0015551f663f10000','测试1',1,NULL,'1','1'),
('8a8c7d9a54f01be10154f118bec70004','80281882554de9e101554df07eed0004','ff8080815551f4e0015551f6edf60001','测试2',1,NULL,'1','1'),
('8a8c7d9a54f01be10154f130f9cb0005','80281882554de9e101554df07eed0004','ff8080815551f4e0015551f7a8050003','测试3',1,NULL,'1','1');

insert into `EL_CONTACT_WAYS` (`ID`, `FK_ID`, `FK_TYPE`, `TYPE`, `CONTENT`, `MEMO`) 
values
('ff808081559fc5740155a01e23b80004','8a8c7d9b55298217015529a9844e0000','hospital','2','0437-90898899',NULL),
('ff808081559fc5740155a01e23b80005','8a8c7d9b55298217015529a9844e0000','hospital','3','0437-90897788',NULL);


